<?xml version='1.1' encoding='UTF-8'?>
<Tag plugin="workflow-support@3.2">
  <node class="cps.n.StepAtomNode" plugin="workflow-cps@2.65">
    <parentIds>
      <string>16</string>
    </parentIds>
    <id>17</id>
    <descriptorId>org.jenkinsci.plugins.workflow.steps.EchoStep</descriptorId>
  </node>
  <actions>
    <cps.a.ArgumentsActionImpl plugin="workflow-cps@2.65">
      <arguments>
        <entry>
          <string>message</string>
          <string>SonarQube Quality Gate passed successfully!!</string>
        </entry>
      </arguments>
      <isUnmodifiedBySanitization>true</isUnmodifiedBySanitization>
    </cps.a.ArgumentsActionImpl>
    <wf.a.TimingAction plugin="workflow-api@2.33">
      <startTime>1553658631365</startTime>
    </wf.a.TimingAction>
    <s.a.LogStorageAction/>
  </actions>
</Tag>