<?xml version='1.1' encoding='UTF-8'?>
<com.cloudbees.plugins.credentials.SystemCredentialsProvider plugin="credentials@2.1.18">
  <domainCredentialsMap class="hudson.util.CopyOnWriteMap$Hash">
    <entry>
      <com.cloudbees.plugins.credentials.domains.Domain>
        <specifications/>
      </com.cloudbees.plugins.credentials.domains.Domain>
      <java.util.concurrent.CopyOnWriteArrayList>
        <com.cloudbees.plugins.credentials.impl.UsernamePasswordCredentialsImpl>
          <scope>GLOBAL</scope>
          <id>42262f59-4b21-4635-8398-84921979fd0c</id>
          <description></description>
          <username>yedsirisha</username>
          <password>{AQAAABAAAAAQ3PzjOAGTHf2+m689nXbW1qjNxjJ8RkiWvOBR8+zfIjE=}</password>
        </com.cloudbees.plugins.credentials.impl.UsernamePasswordCredentialsImpl>
        <com.cloudbees.plugins.credentials.impl.UsernamePasswordCredentialsImpl>
          <scope>GLOBAL</scope>
          <id>dff26691-aff9-49c2-bcc3-5168795e0018</id>
          <description></description>
          <username>yedsirisha</username>
          <password>{AQAAABAAAAAQFHqP5j1PZ+vmJKOYQr8AkXAigxKCc4d2xevYmmX8fSw=}</password>
        </com.cloudbees.plugins.credentials.impl.UsernamePasswordCredentialsImpl>
        <com.cloudbees.plugins.credentials.impl.UsernamePasswordCredentialsImpl>
          <scope>GLOBAL</scope>
          <id>32c02d64-880f-436f-8daa-8cbe0ba03a96</id>
          <description></description>
          <username>deployer</username>
          <password>{AQAAABAAAAAQdQq684yRxDlCqhZP7TiH9Dr8AeFn08i+W8E8tYKkrTU=}</password>
        </com.cloudbees.plugins.credentials.impl.UsernamePasswordCredentialsImpl>
      </java.util.concurrent.CopyOnWriteArrayList>
    </entry>
  </domainCredentialsMap>
</com.cloudbees.plugins.credentials.SystemCredentialsProvider>