<?xml version='1.1' encoding='UTF-8'?>
<hudson.model.UserIdMapper>
  <version>1</version>
  <idToDirectoryNameMap class="concurrent-hash-map">
    <entry>
      <string>admin</string>
      <string>admin_8884520877193196417</string>
    </entry>
    <entry>
      <string>qauser</string>
      <string>QAuser_8166045362986697361</string>
    </entry>
    <entry>
      <string>developer1</string>
      <string>Developer1_5242217627775126333</string>
    </entry>
    <entry>
      <string>devuser</string>
      <string>DEVuser_1197854887665824965</string>
    </entry>
  </idToDirectoryNameMap>
</hudson.model.UserIdMapper>